-12.566370614359172,4.898587196589413E-16
-12.534954687823275,0.031426266043351456
-12.503538761287377,0.06291466725364989
-12.47212283475148,0.094527831179282
-12.440706908215581,0.12632937844610795
-12.409290981679684,0.15838444032453589
-12.377875055143786,0.19076020221856615
-12.346459128607888,0.2235264828971483
-12.31504320207199,0.25675636036772576
-12.283627275536093,0.29052685673191525
-12.252211349000195,0.3249196962329049
-12.220795422464297,0.36002215309575497
-12.1893794959284,0.39592800879771933
-12.157963569392502,0.43273864224742375
-12.126547642856604,0.470564281212249
-12.095131716320706,0.509525449494426
-12.063715789784808,0.549754652192767
-12.03229986324891,0.5913983513994676
-12.000883936713013,0.6346192975441443
-11.969468010177115,0.6795992982245223
-11.938052083641217,0.7265425280053561
-11.90663615710532,0.7756795110496079
-11.875220230569422,0.8272719459724698
-11.843804304033524,0.8816185923631826
-11.812388377497626,0.9390625058174852
-11.780972450961729,0.999999999999992
-11.74955652442583,1.064891840324783
-11.718140597889933,1.1342773492553955
-11.686724671354035,1.208792350409598
-11.655308744818138,1.2891922317850542
-11.62389281828224,1.3763819204711594
-11.592476891746342,1.471455315819953
-11.561060965210444,1.5757478599686328
-11.529645038674547,1.6909076557849905
-11.498229112138649,1.8189932472810422
-11.466813185602751,1.9626105055051226
-11.435397259066853,2.12510817315717
-11.403981332530956,2.3108636538823717
-11.372565405995058,2.5257116894472587
-11.34114947945916,2.7776068539149184
-11.309733552923262,3.0776835371751834
-11.278317626387365,3.442022576669131
-11.246901699851467,3.8947428549297456
-11.215485773315569,4.473742829211403
-11.184069846779671,5.2421835811129665
-11.152653920243774,6.313751514674734
-11.121237993707876,7.915815088305334
-11.089822067171978,10.578894993404742
-11.05840614063608,15.89454484386325
-11.026990214100183,31.82051595376557
-10.995574287564285,1.1829898620293892E14
-10.964158361028387,-31.820515953782706
-10.93274243449249,-15.894544843867537
-10.901326507956592,-10.578894993406651
-10.869910581420694,-7.9158150883064105
-10.838494654884796,-6.313751514675425
-10.807078728348898,-5.242183581113448
-10.775662801813,-4.4737428292117585
-10.744246875277103,-3.894742854930019
-10.712830948741205,-3.442022576669348
-10.681415022205307,-3.0776835371753606
-10.64999909566941,-2.777606853915066
-10.618583169133512,-2.525711689447383
-10.587167242597614,-2.310863653882479
-10.555751316061716,-2.125108173157263
-10.524335389525818,-1.9626105055052046
-10.49291946298992,-1.818993247281115
-10.461503536454023,-1.6909076557850555
-10.430087609918125,-1.5757478599686918
-10.398671683382227,-1.4714553158200065
-10.36725575684633,-1.3763819204712082
-10.335839830310432,-1.2891922317850992
-10.304423903774534,-1.2087923504096396
-10.273007977238636,-1.134277349255434
-10.241592050702739,-1.064891840324819
-10.210176124166841,-1.0000000000000258
-10.178760197630943,-0.939062505817517
-10.147344271095045,-0.8816185923632127
-10.115928344559148,-0.8272719459724983
-10.08451241802325,-0.775679511049635
-10.053096491487352,-0.726542528005382
-10.021680564951454,-0.679599298224547
-9.990264638415557,-0.634619297544168
-9.958848711879659,-0.5913983513994905
-9.927432785343761,-0.549754652192789
-9.896016858807863,-0.5095254494944473
-9.864600932271966,-0.4705642812122697
-9.833185005736068,-0.43273864224744385
-9.80176907920017,-0.39592800879773893
-9.770353152664272,-0.36002215309577407
-9.738937226128375,-0.3249196962329236
-9.707521299592477,-0.29052685673193357
-9.67610537305658,-0.2567563603677438
-9.644689446520681,-0.22352648289716606
-9.613273519984784,-0.19076020221858367
-9.581857593448886,-0.1583844403245532
-9.550441666912988,-0.12632937844612513
-9.51902574037709,-0.09452783117929905
-9.487609813841193,-0.06291466725366686
-9.456193887305295,-0.03142626604336838
-9.424777960769397,-1.73961743542583E-14
-9.3933620342335,0.03142626604333355
-9.361946107697602,0.06291466725363193
-9.330530181161704,0.09452783117926396
-9.299114254625806,0.12632937844608977
-9.267698328089908,0.15838444032451754
-9.23628240155401,0.19076020221854761
-9.204866475018113,0.22352648289712954
-9.173450548482215,0.2567563603677067
-9.142034621946317,0.2905268567318958
-9.11061869541042,0.32491969623288514
-9.079202768874522,0.36002215309573476
-9.047786842338624,0.3959280087976987
-9.016370915802726,0.4327386422474025
-8.984954989266829,0.4705642812122272
-8.95353906273093,0.5095254494944035
-8.922123136195033,0.5497546521927437
-8.890707209659135,0.5913983513994435
-8.859291283123238,0.6346192975441192
-8.82787535658734,0.679599298224496
-8.796459430051442,0.7265425280053288
-8.765043503515544,0.7756795110495792
-8.733627576979647,0.8272719459724397
-8.702211650443749,0.8816185923631509
-8.670795723907851,0.9390625058174515
-8.639379797371953,0.9999999999999563
-8.607963870836056,1.0648918403247447
-8.576547944300158,1.1342773492553546
-8.54513201776426,1.208792350409554
-8.513716091228362,1.2891922317850066
-8.482300164692465,1.3763819204711076
-8.450884238156567,1.4714553158198964
-8.419468311620669,1.5757478599685706
-8.388052385084771,1.6909076557849214
-8.356636458548873,1.8189932472809651
-8.325220532012976,1.9626105055050358
-8.293804605477078,2.1251081731570713
-8.26238867894118,2.3108636538822585
-8.230972752405282,2.5257116894471263
-8.199556825869385,2.7776068539147625
-8.168140899333487,3.0776835371749964
-8.13672497279759,3.4420225766689008
-8.105309046261691,3.8947428549294565
-8.073893119725794,4.4737428292110275
-8.042477193189896,5.2421835811124575
-8.011061266653998,6.313751514674004
-7.9796453401181004,7.915815088304195
-7.948229413582203,10.578894993402722
-7.916813487046305,15.894544843858714
-7.885397560510407,31.820515953747442
-7.853981633974509,3.796623837573767E13
-7.822565707438612,-31.820515953800836
-7.791149780902714,-15.894544843872074
-7.759733854366816,-10.578894993408671
-7.728317927830918,-7.915815088307549
-7.696902001295021,-6.313751514676156
-7.665486074759123,-5.242183581113958
-7.634070148223225,-4.473742829212134
-7.602654221687327,-3.8947428549303083
-7.57123829515143,-3.4420225766695776
-7.539822368615532,-3.077683537175548
-7.508406442079634,-2.7776068539152217
-7.476990515543736,-2.5257116894475153
-7.445574589007839,-2.3108636538825924
-7.414158662471941,-2.125108173157362
-7.382742735936043,-1.9626105055052914
-7.351326809400145,-1.818993247281192
-7.319910882864248,-1.6909076557851246
-7.28849495632835,-1.575747859968754
-7.257079029792452,-1.4714553158200632
-7.225663103256554,-1.3763819204712602
-7.194247176720657,-1.2891922317851467
-7.162831250184759,-1.2087923504096836
-7.131415323648861,-1.1342773492554752
-7.099999397112963,-1.0648918403248573
-7.068583470577066,-1.0000000000000617
-7.037167544041168,-0.9390625058175507
-7.00575161750527,-0.8816185923632445
-6.974335690969372,-0.8272719459725284
-6.942919764433475,-0.7756795110496636
-6.911503837897577,-0.7265425280054093
-6.880087911361679,-0.6795992982245731
-6.848671984825781,-0.6346192975441931
-6.817256058289884,-0.5913983513995146
-6.785840131753986,-0.5497546521928123
-6.754424205218088,-0.5095254494944699
-6.72300827868219,-0.47056428121229155
-6.6915923521462926,-0.43273864224746506
-6.660176425610395,-0.3959280087977596
-6.628760499074497,-0.3600221530957943
-6.597344572538599,-0.32491969623294337
-6.5659286460027015,-0.29052685673195294
-6.534512719466804,-0.2567563603677629
-6.503096792930906,-0.22352648289718482
-6.471680866395008,-0.1907602022186022
-6.4402649398591105,-0.15838444032457155
-6.408849013323213,-0.12632937844614328
-6.377433086787315,-0.09452783117931711
-6.346017160251417,-0.06291466725368482
-6.3146012337155195,-0.03142626604338629
-6.283185307179622,-3.528220742817554E-14
-6.251769380643724,0.03142626604331565
-6.220353454107826,0.06291466725361397
-6.1889375275719285,0.09452783117924592
-6.157521601036031,0.12632937844607162
-6.126105674500133,0.15838444032449922
-6.094689747964235,0.19076020221852907
-6.0632738214283375,0.22352648289711075
-6.03185789489244,0.2567563603676877
-6.000441968356542,0.29052685673187645
-5.969026041820644,0.3249196962328653
-5.9376101152847465,0.36002215309571456
-5.906194188748849,0.395928008797678
-5.874778262212951,0.4327386422473813
-5.843362335677053,0.47056428121220534
-5.8119464091411555,0.5095254494943809
-5.780530482605258,0.5497546521927204
-5.74911455606936,0.5913983513994193
-5.717698629533462,0.6346192975440941
-5.686282702997564,0.67959929822447
-5.654866776461667,0.7265425280053015
-5.623450849925769,0.7756795110495506
-5.592034923389871,0.8272719459724096
-5.560618996853973,0.8816185923631191
-5.529203070318076,0.9390625058174179
-5.497787143782178,0.9999999999999205
-5.46637121724628,1.0648918403247067
-5.434955290710382,1.1342773492553138
-5.403539364174485,1.20879235040951
-5.372123437638587,1.289192231784959
-5.340707511102689,1.376381920471056
-5.309291584566791,1.4714553158198398
-5.277875658030894,1.5757478599685082
-5.246459731494996,1.6909076557848524
-5.215043804959098,1.818993247280888
-5.1836278784232,1.962610505504949
-5.152211951887303,2.1251081731569728
-5.120796025351405,2.3108636538821448
-5.089380098815507,2.5257116894469944
-5.057964172279609,2.7776068539146066
-5.026548245743712,3.077683537174809
-4.995132319207814,3.442022576668671
-4.963716392671916,3.8947428549291674
-4.932300466136018,4.473742829210652
-4.900884539600121,5.242183581111948
-4.869468613064223,6.313751514673273
-4.838052686528325,7.915815088303057
-4.806636759992427,10.578894993400702
-4.77522083345653,15.894544843854177
-4.743804906920632,31.820515953729316
-4.712388980384734,2.261153048740624E13
-4.680973053848836,-31.820515953818962
-4.649557127312939,-15.894544843876611
-4.618141200777041,-10.578894993410689
-4.586725274241143,-7.915815088308688
-4.555309347705245,-6.313751514676887
-4.523893421169348,-5.242183581114467
-4.49247749463345,-4.47374282921251
-4.461061568097552,-3.8947428549305974
-4.429645641561654,-3.4420225766698076
-4.3982297150257565,-3.0776835371757354
-4.366813788489859,-2.7776068539153775
-4.335397861953961,-2.5257116894476472
-4.303981935418063,-2.3108636538827056
-4.2725660088821655,-2.1251081731574604
-4.241150082346268,-1.9626105055053782
-4.20973415581037,-1.818993247281269
-4.178318229274472,-1.6909076557851936
-4.1469023027385745,-1.5757478599688164
-4.115486376202677,-1.4714553158201198
-4.084070449666779,-1.376381920471312
-4.052654523130881,-1.2891922317851945
-4.0212385965949835,-1.2087923504097278
-3.9898226700590858,-1.134277349255516
-3.958406743523188,-1.0648918403248955
-3.9269908169872902,-1.0000000000000975
-3.8955748904513925,-0.9390625058175843
-3.8641589639154947,-0.8816185923632763
-3.832743037379597,-0.8272719459725586
-3.8013271108436992,-0.7756795110496922
-3.7699111843078015,-0.7265425280054366
-3.7384952577719037,-0.6795992982245993
-3.707079331236006,-0.6346192975442182
-3.675663404700108,-0.5913983513995388
-3.6442474781642105,-0.5497546521928356
-3.6128315516283127,-0.5095254494944924
-3.581415625092415,-0.47056428121231336
-3.549999698556517,-0.4327386422474863
-3.5185837720206194,-0.3959280087977803
-3.4871678454847217,-0.3600221530958145
-3.455751918948824,-0.32491969623296313
-3.424335992412926,-0.29052685673197237
-3.3929200658770284,-0.25675636036778193
-3.3615041393411307,-0.22352648289720362
-3.330088212805233,-0.19076020221862075
-3.298672286269335,-0.15838444032458987
-3.2672563597334374,-0.12632937844616146
-3.2358404331975397,-0.09452783117933515
-3.204424506661642,-0.06291466725370277
-3.173008580125744,-0.03142626604340419
-3.1415926535898464,-5.316824050209278E-14
-3.1101767270539487,0.03142626604329775
-3.078760800518051,0.06291466725359601
-3.047344873982153,0.09452783117922786
-3.0159289474462554,0.12632937844605344
-2.9845130209103576,0.15838444032448087
-2.95309709437446,0.19076020221851053
-2.921681167838562,0.22352648289709195
-2.8902652413026644,0.2567563603676686
-2.8588493147667666,0.2905268567318571
-2.827433388230869,0.32491969623284556
-2.796017461694971,0.36002215309569435
-2.7646015351590734,0.39592800879765727
-2.7331856086231756,0.43273864224736003
-2.701769682087278,0.4705642812121835
-2.67035375555138,0.5095254494943584
-2.6389378290154824,0.5497546521926971
-2.6075219024795846,0.5913983513993952
-2.576105975943687,0.634619297544069
-2.544690049407789,0.6795992982244439
-2.5132741228718913,0.7265425280052742
-2.4818581963359936,0.7756795110495219
-2.450442269800096,0.8272719459723794
-2.419026343264198,0.8816185923630873
-2.3876104167283003,0.9390625058173843
-2.3561944901924026,0.9999999999998848
-2.324778563656505,1.0648918403246685
-2.293362637120607,1.134277349255273
-2.2619467105847093,1.208792350409466
-2.2305307840488116,1.2891922317849114
-2.199114857512914,1.3763819204710042
-2.167698930977016,1.4714553158197832
-2.1362830044411183,1.575747859968446
-2.1048670779052205,1.6909076557847833
-2.073451151369323,1.818993247280811
-2.042035224833425,1.9626105055048622
-2.0106192982975273,2.125108173156874
-1.9792033717616293,2.310863653882033
-1.9477874452257313,2.5257116894468656
-1.9163715186898334,2.7776068539144565
-1.8849555921539354,3.077683537174631
-1.8535396656180374,3.442022576668456
-1.8221237390821394,3.8947428549288996
-1.7907078125462415,4.473742829210308
-1.7592918860103435,5.2421835811114885
-1.7278759594744455,6.3137515146726235
-1.6964600329385475,7.91581508830206
-1.6650441064026495,10.57889499339896
-1.6336281798667516,15.894544843850316
-1.6022122533308536,31.82051595371411
-1.5707963267949556,1.6948396307773236E13
-1.5393804002590576,-31.820515953833716
-1.5079644737231597,-15.894544843880247
-1.4765485471872617,-10.578894993412282
-1.4451326206513637,-7.915815088309572
-1.4137166941154657,-6.313751514677445
-1.3823007675795678,-5.242183581114849
-1.3508848410436698,-4.473742829212788
-1.3194689145077718,-3.894742854930808
-1.2880529879718738,-3.4420225766699715
-1.2566370614359759,-3.077683537175867
-1.225221134900078,-2.777606853915485
-1.19380520836418,-2.5257116894477365
-1.162389281828282,-2.310863653882781
-1.130973355292384,-2.1251081731575248
-1.099557428756486,-1.9626105055054337
-1.068141502220588,-1.8189932472813175
-1.03672557568469,-1.690907655785236
-1.005309649148792,-1.575747859968854
-0.9738937226128941,-1.471455315820153
-0.9424777960769961,-1.376381920471342
-0.9110618695410981,-1.2891922317852214
-0.8796459430052002,-1.208792350409752
-0.8482300164693022,-1.134277349255538
-0.8168140899334042,-1.0648918403249157
-0.7853981633975062,-1.000000000000116
-0.7539822368616083,-0.9390625058176013
-0.7225663103257103,-0.8816185923632919
-0.6911503837898123,-0.827271945972573
-0.6597344572539143,-0.7756795110497056
-0.6283185307180164,-0.726542528005449
-0.5969026041821184,-0.6795992982246108
-0.5654866776462204,-0.634619297544229
-0.5340707511103224,-0.5913983513995488
-0.5026548245744245,-0.549754652192845
-0.47123889803852653,-0.5095254494945013
-0.4398229715026286,-0.4705642812123218
-0.4084070449667307,-0.4327386422474943
-0.3769911184308328,-0.3959280087977879
-0.34557519189493485,-0.3600221530958217
-0.31415926535903693,-0.32491969623297
-0.282743338823139,-0.2905268567319789
-0.2513274122872411,-0.2567563603677882
-0.21991148575134317,-0.22352648289720964
-0.18849555921544525,-0.1907602022186265
-0.15707963267954733,-0.15838444032459542
-0.1256637061436494,-0.1263293784461668
-0.09424777960775148,-0.09452783117934024
-0.06283185307185354,-0.06291466725370766
-0.03141592653595561,-0.03142626604340888
-5.767608612927688E-14,-5.767608612927688E-14
0.03141592653584026,0.03142626604329342
0.06283185307173819,0.06291466725359185
0.09424777960763613,0.09452783117922386
0.12566370614353406,0.12632937844604958
0.15707963267943198,0.15838444032447715
0.1884955592153299,0.19076020221850695
0.21991148575122782,0.2235264828970885
0.25132741228712574,0.25675636036766525
0.28274333882302366,0.29052685673185386
0.3141592653589216,0.3249196962328425
0.3455751918948195,0.3600221530956914
0.3769911184307174,0.39592800879765444
0.40840704496661534,0.4327386422473573
0.43982297150251326,0.4705642812121809
0.4712388980384112,0.509525449494356
0.5026548245743091,0.5497546521926948
0.5340707511102071,0.5913983513993931
0.565486677646105,0.6346192975440671
0.596902604182003,0.6795992982244422
0.628318530717901,0.7265425280052729
0.659734457253799,0.7756795110495208
0.691150383789697,0.8272719459723787
0.7225663103255949,0.8816185923630869
0.7539822368614929,0.9390625058173843
0.7853981633973909,0.9999999999998851
0.8168140899332889,1.0648918403246694
0.8482300164691868,1.1342773492552745
0.8796459430050848,1.2087923504094682
0.9110618695409828,1.2891922317849143
0.9424777960768808,1.376381920471008
0.9738937226127787,1.471455315819788
1.0053096491486766,1.5757478599684518
1.0367255756845746,1.6909076557847904
1.0681415022204725,1.8189932472808201
1.0995574287563705,1.9626105055048735
1.1309733552922685,2.125108173156888
1.1623892818281665,2.3108636538820493
1.1938052083640645,2.5257116894468847
1.2252211348999624,2.7776068539144787
1.2566370614358604,3.0776835371746576
1.2880529879717584,3.442022576668488
1.3194689145076564,3.894742854928941
1.3508848410435543,4.473742829210361
1.3823007675794523,5.242183581111561
1.4137166941153503,6.313751514672727
1.4451326206512483,7.915815088302222
1.4765485471871462,10.578894993399246
1.5079644737230442,15.89454484385096
1.5393804002589422,31.82051595371669
1.5707963267948402,1.771147797219771E13
1.6022122533307381,-31.82051595383114
1.633628179866636,-15.894544843879602
1.665044106402534,-10.578894993411996
1.696460032938432,-7.91581508830941
1.72787595947433,-6.3137515146773415
1.759291886010228,-5.2421835811147774
1.790707812546126,-4.473742829212735
1.822123739082024,-3.8947428549307666
1.853539665617922,-3.442022576669939
1.88495559215382,-3.07768353717584
1.916371518689718,-2.777606853915463
1.9477874452256159,-2.525711689447718
1.9792033717615138,-2.310863653882765
2.010619298297412,-2.125108173157511
2.0420352248333096,-1.9626105055054224
2.0734511513692073,-1.8189932472813084
2.104867077905105,-1.690907655785229
2.136283004441003,-1.5757478599688481
2.1676989309769006,-1.4714553158201487
2.1991148575127983,-1.3763819204713383
2.230530784048696,-1.2891922317852187
2.261946710584594,-1.2087923504097502
2.2933626371204916,-1.134277349255537
2.3247785636563894,-1.0648918403249148
2.356194490192287,-1.0000000000001157
2.387610416728185,-0.9390625058176015
2.4190263432640826,-0.8816185923632925
2.4504422697999804,-0.8272719459725739
2.481858196335878,-0.7756795110497069
2.513274122871776,-0.7265425280054506
2.5446900494076736,-0.6795992982246126
2.5761059759435714,-0.634619297544231
2.607521902479469,-0.5913983513995511
2.638937829015367,-0.5497546521928475
2.6703537555512646,-0.5095254494945038
2.7017696820871624,-0.4705642812123245
2.73318560862306,-0.43273864224749714
2.764601535158958,-0.39592800879779083
2.7960174616948557,-0.36002215309582475
2.8274333882307534,-0.32491969623297323
2.858849314766651,-0.29052685673198225
2.890265241302549,-0.25675636036779165
2.9216811678384467,-0.2235264828972132
2.9530970943743444,-0.1907602022186302
2.984513020910242,-0.15838444032459922
3.01592894744614,-0.12632937844617073
3.0473448739820377,-0.09452783117934437
3.0787608005179354,-0.06291466725371193
3.110176727053833,-0.03142626604341332
3.141592653589731,-6.22949540589235E-14
3.1730085801256287,0.03142626604328861
3.2044245066615265,0.06291466725358685
3.235840433197424,0.09452783117921866
3.267256359733322,0.12632937844604417
3.2986722862692197,0.15838444032447152
3.3300882128051175,0.19076020221850107
3.361504139341015,0.22352648289708238
3.392920065876913,0.25675636036765886
3.4243359924128107,0.29052685673184714
3.4557519189487085,0.32491969623283545
3.4871678454846062,0.360022153095684
3.518583772020504,0.3959280087976467
3.5499996985564017,0.4327386422473492
3.5814156250922995,0.47056428121217236
3.6128315516281972,0.509525449494347
3.644247478164095,0.5497546521926853
3.6756634046999928,0.5913983513993829
3.7070793312358905,0.6346192975440562
3.7384952577717883,0.6795992982244305
3.769911184307686,0.7265425280052602
3.8013271108435838,0.7756795110495073
3.8327430373794815,0.8272719459723641
3.8641589639153793,0.881618592363071
3.895574890451277,0.939062505817367
3.926990816987175,0.9999999999998664
3.9584067435230725,1.064891840324649
3.9898226700589703,1.134277349255252
4.021238596594868,1.2087923504094436
4.052654523130766,1.289192231784887
4.0840704496666635,1.3763819204709777
4.115486376202561,1.4714553158197543
4.146902302738459,1.5757478599684143
4.178318229274357,1.690907655784748
4.209734155810255,1.8189932472807717
4.241150082346152,1.962610505504818
4.27256600888205,2.1251081731568235
4.303981935417948,2.310863653881974
4.335397861953846,2.525711689446795
4.366813788489743,2.7776068539143712
4.398229715025641,3.077683537174526
4.429645641561539,3.442022576668324
4.461061568097437,3.8947428549287304
4.492477494633334,4.473742829210084
4.523893421169232,5.2421835811111785
4.55530934770513,6.313751514672169
4.586725274241028,7.915815088301337
4.618141200776925,10.578894993397652
4.649557127312823,15.894544843847326
4.680973053848721,31.820515953701936
4.712388980384619,1.4037457715812648E13
4.743804906920516,-31.820515953846343
4.775220833456414,-15.894544843883462
4.806636759992312,-10.57889499341374
4.83805268652821,-7.915815088310407
4.869468613064107,-6.313751514677991
4.900884539600005,-5.242183581115237
4.932300466135903,-4.473742829213078
4.963716392671801,-3.8947428549310343
4.995132319207698,-3.4420225766701544
5.026548245743596,-3.0776835371760183
5.057964172279494,-2.777606853915613
5.089380098815392,-2.5257116894478466
5.120796025351289,-2.310863653882877
5.152211951887187,-2.1251081731576096
5.183627878423085,-1.9626105055055092
5.215043804958983,-1.8189932472813857
5.24645973149488,-1.690907655785298
5.277875658030778,-1.5757478599689103
5.309291584566676,-1.4714553158202053
5.340707511102574,-1.37638192047139
5.372123437638471,-1.2891922317852664
5.403539364174369,-1.2087923504097942
5.434955290710267,-1.1342773492555778
5.466371217246165,-1.064891840324953
5.4977871437820625,-1.0000000000001514
5.52920307031796,-0.9390625058176352
5.560618996853858,-0.8816185923633243
5.592034923389756,-0.8272719459726041
5.6234508499256535,-0.7756795110497355
5.654866776461551,-0.7265425280054779
5.686282702997449,-0.6795992982246388
5.717698629533347,-0.6346192975442561
5.7491145560692445,-0.5913983513995752
5.780530482605142,-0.5497546521928708
5.81194640914104,-0.5095254494945264
5.843362335676938,-0.4705642812123464
5.8747782622128355,-0.43273864224751835
5.906194188748733,-0.39592800879781154
5.937610115284631,-0.36002215309584495
5.969026041820529,-0.324919696232993
6.0004419683564265,-0.2905268567320017
6.031857894892324,-0.25675636036781074
6.063273821428222,-0.22352648289723198
6.09468974796412,-0.19076020221864873
6.1261056745000175,-0.15838444032461757
6.157521601035915,-0.1263293784461889
6.188937527571813,-0.0945278311793624
6.220353454107711,-0.06291466725372989
6.2517693806436085,-0.03142626604343123
6.283185307179506,-8.018098713284074E-14
6.314601233715404,0.03142626604327071
6.346017160251302,0.0629146672535689
6.3774330867872,0.0945278311792006
6.408849013323097,0.12632937844602599
6.440264939858995,0.15838444032445317
6.471680866394893,0.19076020221848253
6.503096792930791,0.2235264828970636
6.534512719466688,0.25675636036763977
6.565928646002586,0.29052685673182777
6.597344572538484,0.3249196962328157
6.628760499074382,0.3600221530956638
6.660176425610279,0.395928008797626
6.691592352146177,0.432738642247328
6.723008278682075,0.4705642812121505
6.754424205217973,0.5095254494943244
6.78584013175387,0.549754652192662
6.817256058289768,0.5913983513993588
6.848671984825666,0.6346192975440311
6.880087911361564,0.6795992982244043
6.911503837897461,0.7265425280052329
6.942919764433359,0.7756795110494786
6.974335690969257,0.8272719459723339
7.005751617505155,0.8816185923630393
7.037167544041052,0.9390625058173334
7.06858347057695,0.9999999999998307
7.099999397112848,1.0648918403246108
7.131415323648746,1.134277349255211
7.162831250184643,1.2087923504093996
7.194247176720541,1.2891922317848394
7.225663103256439,1.376381920470926
7.257079029792337,1.4714553158196977
7.288494956328234,1.5757478599683519
7.319910882864132,1.690907655784679
7.35132680940003,1.8189932472806947
7.382742735935928,1.9626105055047312
7.414158662471825,2.125108173156725
7.445574589007723,2.3108636538818605
7.476990515543621,2.525711689446663
7.508406442079519,2.7776068539142154
7.539822368615416,3.0776835371743387
7.571238295151314,3.4420225766680943
7.602654221687212,3.8947428549284413
7.63407014822311,4.473742829209708
7.6654860747590075,5.242183581110669
7.696902001294905,6.313751514671438
7.728317927830803,7.9158150883001985
7.759733854366701,10.578894993395632
7.7911497809025985,15.89454484384279
7.822565707438496,31.82051595368381
7.853981633974394,1.1220321785643264E13
7.885397560510292,-31.820515953864472
7.9168134870461895,-15.894544843888
7.948229413582087,-10.578894993415759
7.979645340117985,-7.915815088311546
8.011061266653883,-6.313751514678722
8.04247719318978,-5.242183581115746
8.073893119725678,-4.473742829213454
8.105309046261576,-3.8947428549313234
8.136724972797474,-3.4420225766703845
8.168140899333372,-3.0776835371762052
8.19955682586927,-2.777606853915769
8.230972752405167,-2.5257116894479785
8.262388678941065,-2.3108636538829903
8.293804605476963,-2.125108173157708
8.32522053201286,-1.962610505505596
8.356636458548758,-1.8189932472814625
8.388052385084656,-1.690907655785367
8.419468311620554,-1.5757478599689727
8.450884238156451,-1.471455315820262
8.482300164692349,-1.3763819204714418
8.513716091228247,-1.289192231785314
8.545132017764145,-1.2087923504098381
8.576547944300042,-1.1342773492556186
8.60796387083594,-1.0648918403249912
8.639379797371838,-1.0000000000001872
8.670795723907736,-0.9390625058176688
8.702211650443633,-0.881618592363356
8.733627576979531,-0.8272719459726342
8.765043503515429,-0.7756795110497642
8.796459430051327,-0.7265425280055052
8.827875356587224,-0.6795992982246649
8.859291283123122,-0.6346192975442811
8.89070720965902,-0.5913983513995994
8.922123136194918,-0.5497546521928941
8.953539062730815,-0.5095254494945489
8.984954989266713,-0.4705642812123682
9.01637091580261,-0.4327386422475396
9.047786842338509,-0.39592800879783224
9.079202768874406,-0.36002215309586516
9.110618695410304,-0.32491969623301276
9.142034621946202,-0.29052685673202105
9.1734505484821,-0.2567563603678298
9.204866475017997,-0.22352648289725074
9.236282401553895,-0.19076020221866727
9.267698328089793,-0.15838444032463592
9.29911425462569,-0.1263293784462071
9.330530181161588,-0.09452783117938045
9.361946107697486,-0.06291466725374785
9.393362034233384,-0.031426266043449134
9.424777960769282,-9.806702020675798E-14
9.45619388730518,0.031426266043252805
9.487609813841077,0.06291466725355094
9.519025740376975,0.09452783117918256
9.550441666912873,0.1263293784460078
9.58185759344877,0.15838444032443486
9.613273519984668,0.19076020221846401
9.644689446520566,0.22352648289704483
9.676105373056464,0.25675636036762073
9.707521299592361,0.29052685673180834
9.73893722612826,0.32491969623279593
9.770353152664157,0.3600221530956436
9.801769079200055,0.3959280087976053
9.833185005735952,0.43273864224730674
9.86460093227185,0.4705642812121287
9.896016858807748,0.5095254494943019
9.927432785343646,0.5497546521926386
9.958848711879543,0.5913983513993346
9.990264638415441,0.634619297544006
10.021680564951339,0.6795992982243781
10.053096491487237,0.7265425280052056
10.084512418023134,0.77567951104945
10.115928344559032,0.8272719459723038
10.14734427109493,0.8816185923630075
10.178760197630828,0.9390625058172998
10.210176124166725,0.9999999999997949
10.241592050702623,1.0648918403245726
10.273007977238521,1.13427734925517
10.304423903774419,1.2087923504093554
10.335839830310317,1.289192231784792
10.367255756846214,1.376381920470874
10.398671683382112,1.471455315819641
10.43008760991801,1.5757478599682895
10.461503536453908,1.6909076557846099
10.492919462989805,1.8189932472806176
10.524335389525703,1.9626105055046443
10.5557513160616,2.1251081731566264
10.587167242597499,2.310863653881747
10.618583169133396,2.5257116894465312
10.649999095669294,2.7776068539140595
10.681415022205192,3.0776835371741513
10.71283094874109,3.4420225766678647
10.744246875276987,3.894742854928152
10.775662801812885,4.473742829209332
10.807078728348783,5.24218358111016
10.83849465488468,6.313751514670707
10.869910581420578,7.91581508829906
10.901326507956476,10.578894993393613
10.932742434492374,15.894544843838252
10.964158361028272,31.82051595366568
10.99557428756417,9.344917826679635E12
11.026990214100067,-31.820515953882598
11.058406140635965,-15.894544843892536
11.089822067171863,-10.578894993417778
11.12123799370776,-7.9158150883126845
11.152653920243658,-6.313751514679453
11.184069846779556,-5.242183581116255
11.215485773315454,-4.47374282921383
11.246901699851351,-3.8947428549316125
11.278317626387249,-3.442022576670614
11.309733552923147,-3.0776835371763926
11.341149479459045,-2.7776068539159247
11.372565405994942,-2.5257116894481104
11.40398133253084,-2.310863653883104
11.435397259066738,-2.1251081731578068
11.466813185602636,-1.9626105055056828
11.498229112138533,-1.8189932472815398
11.529645038674431,-1.690907655785436
11.561060965210329,-1.575747859969035
11.592476891746227,-1.4714553158203185
11.623892818282124,-1.3763819204714935
11.655308744818022,-1.2891922317853615
11.68672467135392,-1.208792350409882
11.718140597889818,-1.1342773492556595
11.749556524425715,-1.0648918403250294
11.780972450961613,-1.000000000000223
11.812388377497511,-0.9390625058177025
11.843804304033409,-0.8816185923633879
11.875220230569306,-0.8272719459726643
11.906636157105204,-0.7756795110497928
11.938052083641102,-0.7265425280055325
11.969468010177,-0.679599298224691
12.000883936712897,-0.6346192975443062
12.032299863248795,-0.5913983513996235
12.063715789784693,-0.5497546521929173
12.09513171632059,-0.5095254494945715
12.126547642856488,-0.4705642812123901
12.157963569392386,-0.4327386422475608
12.189379495928284,-0.3959280087978529
12.220795422464182,-0.36002215309588537
12.25221134900008,-0.3249196962330325
12.283627275535977,-0.29052685673204043
12.315043202071875,-0.2567563603678489
12.346459128607773,-0.22352648289726954
12.37787505514367,-0.1907602022186858
12.409290981679568,-0.15838444032465424
12.440706908215466,-0.12632937844622524
12.472122834751364,-0.0945278311793985
12.503538761287261,-0.06291466725376581
12.53495468782316,-0.03142626604346704
12.566370614359057,-1.1595305328067522E-13
